File Name,Cluster Label
Pallett-Till-The-Morning-320.mp3,5
Pallett – Dream Away With Me.mp3,0
@REMIXERAP☚میکس رپی Baroon.mp3,6
1|14_Fascinating_Flower_Hadi_Pakzad_Masoud_Fayyazzadeh_320.mp3,1
آنِ دِگرانی_T'others'.mp3,0
Cigarettes After Sex – Keep on Loving You.mp3,6
1729444667_Shayan Roohi X Sicatch - Bihess.mp3,0
4_5771704784692186651.mp3,2
Hoomaan - To Mano Dari (320).mp3,0
Hoomaan - Parvaneha.mp3,5
@HipHopFree - Zemestoon - Hoomaan   Arown.mp3,5
Afshin Moghadam Zemestoon.mp3,0
15 - Tonight (feat. Naghib Shanbehzadeh) - King Raam (320).mp3,5
1|11 - Monge (Guitar Version) - Heydoo Hedayati (320).mp3,4
Heydoo Hedayati.Ghatar-e Khaali.mp3,0
Hayedeh-Dasthaye-To-320.mp3,7
Hayede Saghi.mp3,0
Crying in the Rain - a-ha (FLAC).flac,5
shayea_asabani.mp3,2
@Nalepale - BBAL - BITCH.mp3,1
Sogand-Hess-Kon.mp3,5
imaliih - Sogand - Neshastom سوگند-نشستم.mp3,5
Talkh [ Remix ] - @Deldar.mp3,5
1|7 - Call the Coroner - Future (320).mp3,2
2_5361746080365033285.mp3,6
Reza-Yazdani-Koja-Gomet-Kardam-256.mp3,5
1|9 - Tehran Tehran - Reza Yazdani (320).mp3,5
1729175938_Poori - Daddy's Back.mp3,1
1729175942_Poori - Be Zendegi Etebar Ni.mp3,1
Mark Eliyahu - Journey.mp3,4
Nostalgy_44349667.mp3,4
eliyahu.mp3,4
Belaad party.mp3,5
Kalagha_m2Q84K5Rf0Q_140.mp3,7
Mohsen Chavoshi - Hamin Moonde Bood.mp3,7
1|1_Be_Chizaye_Khoob_Fekr_Kon_Think_About_The_Good_Things_Bomrani.mp3,5
Hadi Pakzad Yani Che.mp3,7
Hadi Pakzad - O Negative.mp3,5
Hadi Pakzad – Death Angel.mp3,6
Mahya Hamedi Deng.mp3,4
Siriya Ensemble – Sedam Male To.mp3,6
Postchi.mp3,5
Siriya Ensemble Havaar.mp3,5
Siriya Ensemble - The Slipped Poem.mp3,5
Gole-Man.mp3,5
1|3_Pool_Ehsasat_Hiphopologist_Ashkan_Kagan_Sinazza_320.mp3,0
453524652.mp3,6
e286a44d808b4cd29b462895fe5d51db.mp3,5
@RapRelease - Khodafezi - Canis.mp3,5
1391571445.mp3,2
Shahram Shokoohi Gol Va Khaar.mp3,2
Shahram Shokoohi Asiri.mp3,2
Shahram Shokoohi Modara.mp3,2
Reza Yazdani - Mahtab Too Fanous.mp3,0
Reza Yazdani - Parandeh Bi Parandeh.mp3,5
Reza-Yazdani.Sigar-Poshte-Sigar(320).mp3,5
Hoomaan-Amin-Tijay-Nistam-Bat-(Ft-Aryna).mp3,0
Kalagh - Shervin Hajipour  Ashkan Kagan (320).mp3,0
1728825060_Sinazza - Love Song [Prod. Arsam].mp3,5
Sattar Leila Forouhar Hamid Talebzadeh Medley.mp3,2
رپ ایران-Mikh -Sajadi.mp3,5
@RapRelease - Pol - Meraj Tehrani.mp3,2
Moer-Middle-East.mp3,7
4_583456755812402106.MP3,3
"@RapRelease - Romance - Canis, Behzad Leito.mp3",6
"@RapRelease - Fargh Mikardim - Canis, Chvrsi.mp3",6
"@RapRelease - Dele Man -  Canis, Mehrad Hidden.mp3",0
"@RapRelease - Chikar Daram - Canis, Shayea.mp3",6
EpiCure-Golaye-Sabz-(Ft-Tensi).mp3,5
EpiCure-Miam-Pishet-Dadash-320.mp3,5
1605893544.mp3,3
"Dadash - Bbal, Raavi.mp3",7
Jonoon.mp3,4
Noghteye Bedoone Bazgasht.mp3,5
Koja Boodi.mp3,7
122270561.mp3,2
@Free_RapHipHop_Coco_Arman_Miladi_Young_Sudden_Hoomaan_320.mp3,2
remix_sorena&sadegh&shayea&navid&tes_zire_hasht.mp3,2
293298207_.mp3,7
Fereidoon Foroughi - Gharieh.mp3,4
Raindrops _ Insane ( Feat Travis ).mp3,5
Mahyar - Bishtar Az Hamishe (128).mp3,5
sara - Mohre Mar.mp3,2
Various Artist - Khanevadeghi 2.mp3,2
Zhak - Hamishe.mp3,0
Zhak _ To Boodi (320).mp3,0
Zhak - Akharin Baghal.mp3,7
Sohrab Pakzad - Dokhtar Irooni.mp3,1
Na_Mimiram_Na_Barmigardam__320.mp3,2
Saren - Bargard Baby 128.mp3,4
Koorosh - Gharibe.mp3,0
Drake-God s-Plan-320.mp3,0
k.mp3,3
Ahang-JadidSado-Zado-Ta-128.mp3,1
1|1 - Señorita - Shawn Mendes  Camila Cabello (320).mp3,2
Siamak-Abbasi-Shahre-Barooni-(Ft-Mohammad-Raad)-256.mp3,5
06 Kenaram.mp3,0
03 Fasele (Feat Navid).mp3,7
Asemoon male toe.mp3,6
Behzad Leito - Ashk.mp3,2
11_Faramoush_feat_Arman_Garshasbi_Kabin_Arman_Garshasbi_320.mp3,5
Masn - Hold Me.mp3,0
Gord - Panah.mp3,5
Ahmad Zaher - Zim Zim (320).mp3,3
Ahmad Zaher Khoda Bovad Yarat.mp3,3
Sahar Mohammadi - Saaghar.mp3,4
1|6 - Didi Ke Rosva Shod Delam - Marzieh (320).mp3,3
Alireza Eftekhari - Be Donbale Del (320).mp3,7
Solmaz_Badri_Didi_ke_Rosva_shod_Delam_دیدی_که_رسوا_شد_دلم.mp3,4
Aida Shahghasemi.mp3,4
Solmaz Badri - Ba Man Sanama با من صنما.mp3,3
4_5877599535542305752.mp3,4
April Rain – One Is Glad To Be Of Service.mp3,7
1727041162_Alphaeus - Violin (Prod By. BeatCarlito).mp3,6
Big Shaggy - Esm Nadareh Freestyle.mp3,7
1726955531_MOSTAED - Zombie ( Ft. Majhool ).mp3,2
1727013599_Meshki - Back To Black.mp3,1
the-evpatoria-report-taijin-kyofusho[mp3freex] (1).mp3,5
Alcest - Autre Temps.mp3,7
kourosh_yaghmaei_paeez.mp3,3
Black-Cats-Dafi-Joon.mp3,2
Amirhossein Eftekhari - To Jani.mp3,1
Naser-Pourkaram-Deltange-Toam-128.mp3,1
Hoorosh-Band-Mahe-Delam-320.mp3,0
Ali-Abbasi-Range-Cheshat-128.mp3,1
cc88bf2f330b902ad74b92d47808cfa22654013-360p.mp3,3
17_erfan_ft_sogand_-_montazer.mp3,1
11_-_yadete_-_erfan_sogand_128.mp3,2
autumn-came-poetry-music.mp3,7
Saeed Soltanpoor - Paeez Amad.mp3,3
1726932431_Ahood - Gharibe Ashna (with. Sohaa).mp3,2
Hossein RangChi - Gerye Kon (Crying now).m4a,4
LIL DEMON - Future.flac,6
Future - TOLD MY.mp3,6
1394626951.mp3,6
اسحاق انور - دفتر ماه.mp3,4
Future - BRAZZIER.mp3,6
Future - OCEAN.mp3,6
Future - SURFING A TSUNAMI.mp3,0
Future - READY TO COOK UP.mp3,6
Scorpion.mp3,1
"1726751523_Punchy_Azmayeshgah_S3_11_Prod_More_Shahin,_Benam.mp3",2
Kajkolah Khan - Amir Khalvat.mp3,7
1|1 - Mazerat nemikham - Kaboos  Motreb (320).mp3,5
"@Nalepale - Chill - Bbal , Ravi.mp3",1
‎⁨5 - کف اقیانوس  Ocean Floor⁩.mp3,6
جنگجو the Warrior.mp3,4
جای تو خالی - You Are Missed Here.mp3,7
Vesal - Kankash (320).mp3,5
SoelChigini - Koofeh.mp3,1
SoelChigini - Parva.mp3,5
RapIRAN_i masin blackout.mp3,1
Bi Ensafi nakon Remix (320).mp3,7
Lil Peep & French Monatana – Can't Explain.mp3,7
Delam Tange - Vinak (320).mp3,0
"Mahdyar_Fadaei_Timarestane_Dahe_60_prod_Hekmat,_Mahdyar.mp3",2
Darbari - HesamAbkoon.mp3,6
Kankash - Nobel.mp3,5
Shayea-Az-Avval-320.mp3,1
او_و_دوستانش_he_and_his_friends_–_مروارید_Pearl.mp3,4
‎⁨4_امروز_خیلی_غمگینم_I'm_So_Sad_Today⁩.mp3,4
Mohsen Namjoo - Shirin.mp3,5
Ramesh-Bi-To-Man-Kasi-Nadaram-320.mp3,4
Ramesh-Az-Khodam-Badam-Miad-320.mp3,7
Man Vojoudam Male To.mp3,4
Kankash - Delaram.mp3,5
Kankash - Naagofteha 01.mp3,0
Kankash-Rooydad-320.mp3,5
shervin - Mikosham Barat.mp3,7
Shervin Hajipour - Miboosamet.mp3,5
Shervin - Boodi Bara Man.mp3,5
Shervin - Bimeye Omr.mp3,0
Banafsheh_1lx61_XrXsA_140.mp3,3
4.Kaash.mp3,7
RapIRAN_i - Therapy - Eycin.mp3,7
02 Dar Astaneye Piri.mp3,5
Rooberoo.mp3,0
02  Hidden - Raha (Ft. Arash Dara).mp3,5
1682528999872427352NA-140_-_audio_only_medium.m4a,1
Mehdi Jahani Gheyre Mamooli.mp3,1
Naaji-Door-Dast-(Ft-Mostaqel)-320.mp3,5
Naaji - Shab.mp3,6
Naaji - тоска.mp3,5
RapIRAN_i - Joz ma - The YSB.mp3,5
Sam Goharbin - Schizo.mp3,5
Dariush - Balatar (320) (R3D).mp3,2
16 Gol Hamrahe Nasim.mp3,3
mp3,4
Moein – Bavaram Kon.mp3,2
معین  - سایه.mp3,0
gooshe_net_بهرخ_شورورزی_در_خیالم_دنیایی_را_میخواهم.mp3,4
Hayedeh-Pashimoon-128.mp3,3
"1646224178_Safir, Otagh Band - Beraghs.mp3",4
"1646223306_Safir, Otagh Band - Lalaee.mp3",5
04 - Farid Ft. Reza Pishro & Cin - To Yani.mp3,5
01 - Farid Ft. Reza Pishro - Mitooni.mp3,1
Reza Pishro- Aghrab.mp3,2
"DMT [Prod. Kagan , Matinam].mp3",0
Bache  Bad B [Prod. Dehghan].mp3,5
"@Nalepale - Begoo Salam 2 - Reza Pishro, Tohi, Ali Owj.mp3",2
@RapRelease -Ofoghe Rouydad.mp3,7
@RapRelease -Enteghal.mp3,2
@RapRelease -Siah Chaale.mp3,7
@RapRelease -Jahesh.mp3,7
Bamdad - Movaghat [Prod. Motreb].mp3,0
Peyman Salimi - Nahan.mp3,7
1|1 - Ten Thousand Miles Away - Peyman Salimi  Eendo (320).mp3,5
@RapiWar - Akharin Shab - Hoomaan - Ashkan Kagan.mp3,4
Ezza - KhoshHalam (320).mp3,0
Bargard.mp3,5
Meysam-Ebrahimi-Mizane-Bad-128.mp3,1
Masoud-Sadeghloo-Esmet-Chiye-128.mp3,1
آهنگ_شنیدنی_نازنین_یار_من_از_بانو_دلکش_O_lHl1m5c1I_140.mp3,3
Delkash - Hekayate Del.mp3,3
Delkash - Par Baste.mp3,3
Delkash - Bahar Shod.m4a,3
Delkash - Bordi Az Yadam.mp3,3
Dekamond - Delam Koo.mp3,5
Gdaal - Barmigardeh (Ft The Don & Mahta).mp3,0
Ali Yasini - Nesfe Shab (320).mp3,1
Saman Jalili _ Donbale Man Nagard (320).mp3,1
Shahram Shokoohi - Dele Divooneh.mp3,2
Tobeh_Shekastam_Original_Mix__7X4FMjEkhNk_140.mp3,2
Ali Mir - Na Dige Na (320).mp3,1
Shervin_Piruze_Musicya_iR_–_Begoo_Chera_موزیکیا_.mp3,0
1|1 - Didi Yadet Raft - Maziyar Naseri (320).mp3,1
Haamim - Avalash.mp3,5
01 Dayan - Hale Man Khoob Nist.mp3,0
@HipHopFree - ghol bede hamin emshab (freestyle) Hoomaan.mp3,0
Hoomaan-Begoo-Ke-Nemiri-320.mp3,0
7. Canapus - Ghabe Aks.mp3,1
04.Shahla Ft.Jm (Motreb).mp3,6
el diablo   MGK.mp3,6
01 Tobey.m4a,2
1|7 - FLOOR 13 - mgk (320).mp3,2
1|8 - Roulette - mgk (320).mp3,6
Moein - Be Yade Susan.mp3,4
Moein-Miparastam-320.mp3,7
03 Jodaee.mp3,2
1344378826.mp3,7
PAPA ASLI   - Bade Vibe Am ( Free Style - (Prod By.1numby)Sl.mp3,2
KarBazi - Arshiya Parvane - Karbazi III.mp3,6
1|1 - Butterfly Style (Free$tyle) - PaPa Asli (320).mp3,4
Alireza Assar Afarin.mp3,2
Alireza Ghorbani - Bi Gonah (320).mp3,5
Mahdyar - Fadaei - Atish.mp3,2
"Mahdyar - Fadaei, Shapur - Mosallahim.mp3",5
Mahdyar - Fadaei - Khaen.mp3,2
Mahdyar - Fadaei - Beluga.mp3,0
RapIRAN_i Bbal tarik.mp3,6
Alireza Ghorbani - Eshtiyagh.mp3,3
HAYDH - RFTM - (Music-Pars).mp3,7
Alireza-Ghorbani-Cheshmhayash-(Dashti)-(Ft-Hesam-Naseri)-128.mp3,7
Alireza Ghorbani - Sobhe Azadi (Iromusic).mp3,6
Alireza Ghorbani - Eshgh Asan Nadarad (128).mp3,7
01 Raftamo Bare Safar Bastam.mp3,7
Alireza Ghorbani - Ghatrehaye Baran (320).mp3,3
Telegram | icyRemix Podcast Qofli.mp3,5
@Nalepale - Ayineh - Arshia Parvane.mp3,6
Alireza-Ghorbani-Khiale-Khosh-320.mp3,7
Future & Metro Boomin – We Still Don't Trust You.mp3,5
Always Be My Fault - Future  Metro Boomin  The Weeknd (320).mp3,5
02 Young Metro.m4a,6
Future – Purple Reign.mp3,6
don_toliver_purple_rain_feat_future_metro_boomin_official_audio.mp3,7
01 We Don't Trust You.m4a,5
1|17 - One Big Family - Future  Metro Boomin (320).mp3,5
Metro Boomin - Superhero (Heroes   Villains).mp3,5
Metro Boomin - Too Many Nights.mp3,6
No Complaints (Bonus) (Instrumental) - Metro Boomin (320).mp3,6
355.mp3,1
@Nalepale - Mehyad - Family.mp3,0
1|1 - Mano Tehran - Mehyad  Alireza Gorgani (320).mp3,1
Mehyad-Del-bede-320.mp3,0
Aroose Aseman(joyamusic).mp3,3
Mohammadreza-Shajarian-Didi-Ey-Mah-320.mp3,3
Banan - Jazebeh Mah.mp3,4
Mohammad Esfahani - Mehro Mah.mp3,7
Mozart 07 Lacrimosa.mp3,3
06 Solitude Waltz.mp3,0
20 Tehran Waltz (1).mp3,0
Majid Entezami - Dans Les Alpes (128).mp3,3
1|8 - Stress - Putak  Dorcci (320).mp3,6
Unknown Artist - Parvane Par Zad (320).mp3,4
Dorcci - Sunrise (Freestyle).mp3,5
Ahang-JadidNemitonamam-Bezaramam-Kenar-320.mp3,6
Reza Pishro  - Asad Roshane(Ft. Catchybeatz).mp3,6
Mehrad-Hidden-Baazi-(Ft-Rassek) 128.mp3,2
Ashpaz (Ft Canis   Saman Wilson) - Mehrad Hidden.mp3,6
12_Mile_High_James_Blake_Travis_Scott_Metro_Boomin_320.mp3,6
Reza Pishro - EMC2.mp3,5
Reza Pishro - Hook.mp3,2
Mafia Karbawzi Remix Pishro.mp3,7
Sohrab MJ Ft Ali Ardavan - Eshgh Ast 320 - [Music400.Ir].mp3,1
Hiphopologist_-_5AM.mp3,0
Sadegh – Bikhabi (with Delaram).mp3,0
PozX – Bikhab.mp3,3
sogand - chera in saat.mp3,1
RapIRAN_i.mp3,0
Mohsen-Chavoshi-Bazar-Khoramshahr-256.mp3,5
Omid-Agar-Mandeh-Boodi-256.mp3,0
1_5163842457040847825.mp3,5
Pishro & Owj - Final Master 5.mp3,6
Mehrad-Hidden-Bill-(Ft-Moody-Moussavi-D7)-320.mp3,0
Pallett-Naro-Beman-256.mp3,4
Sepehr-Khalse-Nameh-Be-Baba-128.mp3,7
1|4 - Ehtiaj Daram - Shayea (320).mp3,0
1|1 - Kam Harf - Maslak  Darab (320).mp3,0
Parvaz-Homay-Shabaan-Aheste-Migeryam-320.mp3,3
03 - Daniyal - Fasle Zeshti (FT. Pishro) .mp3,0
@HipHopFree - Jaye Khali - Reza Pishro.mp3,0
1403.05.19-05(eydanian).mp3,1
1|2 - Fekr o Khial - Sepehr Khalse (320).mp3,5
"Khon, Khak , Khashm, Khiregi - Ben.mp3",5
"7.Div,Divar,Delbar,Divoone (Prod. Sahand MZ).mp3",6
Made Gav (Prod. Motreb).mp3,6
Ben - Koch.mp3,2
Age Farda Bi Man Shoroo Shod [Prod. Saeed Dehghan].mp3,0
Ben Falaki.mp3,0
"Nima Nimosh - Gunshots Ft Twisted Insane , Farhang.mp3",6
Reza Pishro - Azad.mp3,2
Reza Pishro - Faribandegi.mp3,6
Reza Pishro - Sargozasht (Ft Majid Adib).mp3,0
Darvish - Reza Pishro.mp3,1
Reza Pishro - Ghalbe Shir.mp3,2
Nassim - Mojeze (Ft Pishro).mp3,5
Taaj Ft Pishro - Jahanami.mp3,6
Pishro - Zamin.mp3,6
Pishro - Puzzle.mp3,6
09. Milad S Ft Pishro - Zede Zarbe.mp3,2
Arta-Evin-(Ft-Koorosh-Sami-Low-Pishro).mp3,6
REZ - Bidar Sho (Prod. Atour).mp3,7
Rez-Sor-Bokhor-128.mp3,7
Taraamoon - Pilar.mp3,6
REZ-Rangi-320.mp3,7
Rez - Pinokio.mp3,2
REZ Bede Bere.mp3,0
Rez-Faramooshi.mp3,5
Rez-Gerye-Nakon-320.mp3,2
Farshad-Romane Moztareb.mp3,7
514804Mast.mp3,7
3.Farshad - Ghobar [Prod. By Saeed Dehghan].mp3,2
04-Partab.mp3,2
Farshad - Baraye Dooste Khoobam.mp3,4
Farshad - Note Siah.mp3,0
2128040083.mp3,6
Sadegh-Khalesaneh-(Ft-T-Dey)-256.mp3,5
Reza Pishro - Kalafegi 2.mp3,5
Reza Pishro - Kalafegi.mp3,2
pishro_-_lobiaye_sehr_amiz_128_r3d.mp3,1
Reza Pishro - Ma.mp3,1
Reza Pishro - Israfil Horn.mp3,6
Reza Pishro - Family Man.mp3,7
"Khoone Naria - Mahyar, Shayea.mp3",5
Hip_Hop_Archive.mp3,0
Ashkan Fadaei - Nemidoonam.mp3,7
@Free_RapHipHop - Poori - Yaade To.mp3,0
Reza-Pishro-Bayad-Avaz-Sham.mp3,6
Reza-Pishro-Divoone-2.mp3,7
aOFKxZER_mI.mp3,6
Reza_Pishro_-_Bache_Bahala_OFFICIAL_TRACK.mp3,6
PXjRSS6eU4E.mp3,6
03 - Ghal'e FT. Shayea @Alan_miikham.mp3,5
Herosina_x_Pishro_x_Sinab-Vaghei-pDM6WnrbNB3JLA6OT.mp3,0
Poori - Asheghe To In Khoonam.mp3,1
Naser-Abdollahi-Raaz-128.mp3,2
03 Halam Avaz Mishe.mp3,7
Farzad Farzin - Oghyanoos.mp3,5
07 Akharin Nameh.mp3,5
Mohsen Lorestani - Bi Vafaei (320).mp3,0
1|1 - Sardargom - Nabil Ace  Amir Khalvat (320).mp3,6
Poori - Man Delam Pore.mp3,0
Amir Khalvat - Roya.mp3,5
nemidooni madar.mp3,5
Zhiro - Mr. Saxobeat.mp3,2
Abrish Khan - Smack That.mp3,2
lele feed - Fly Project Toca toca.mp3,2
cookiecookiez_Love_You_Like_a_Love_Song_Selena_Gomez_The_S.mp3,1
To_Ra_Jooyam_b191MfVRvKE_140.mp3,7
Barmigardam_3sIEgUNWITY_140.mp3,7
SHENAYE-PARVANEEEEEEEE-Remix.mp3,6
Pabarjam - Sina Sae (320).mp3,5
Sina Sae - Moalagh.mp3,5
Yasha - Sangfarshe Khiaboon (320).mp3,0
Sina SaE - 34 (320).mp3,5
Saeed_Payab_Bahram_Nouraei_Reza_Pishro_Afsos_Remix_By_Sae.mp3,0
Thony_x_Tataloo_x_Ho3ein_x_Khalvat_x_Pishro_–_Terrorist_Win_Remix.mp3,2
Reza Pishro Ft Ali Owj – Om.mp3,2
Pishro - Boyz N The Hood.mp3,6
@Free_RapHipHop - Reza Pishro - Solh.mp3,2
Reza Pishro - Batel Shod.mp3,2
AMIS - Reza Pishro - Niloofar Abi.mp3,2
Pishro - Kasi Havasesh Beto Nist.mp3,0
Reza Pishro - Finish Him.mp3,7
Reza Pishro - Zabdar (Ft. Sinab & Kiarap & Majhool).mp3,6
Reza Pishro - Dasteto Khundam.mp3,2
Reza Pishro - Hadaf.mp3,7
obehag - Telegram Channel.mp3,5
1719414274.mp3,2
Mahdi_Xurshid_Ali_Lohrasbi_Feat_Hamid_Sefat_Ghafas_علی_لهراس.mp3,0
Sadegh - Namayeshi Sade.mp3,5
Saeed Payab - PooBon   Sadegh - Omid (Remix By Saeed Payab).mp3,0
ShahinNajafi - Shahin Najafi - To Azam Badet Miyad.mp3,2
02.Shayea - Amadebash (320).mp3,5
میتی_طوسی_ریمیکس_دشت_پروانه_ها_علی_سورنا_و_کوروش_وانتونز.mp3,7
Koorosh - Dashte Parvaneha (320).mp3,0
Ehaam-Negar-256.mp3,1
30Bam Remix - Shapur VS Poori - Emaale (Fama x 30Bam Remix).mp3,2
AUDIO-2021-05-19-22-10-46.m4a,4
night_lovell_dark_light 128.mp3,5
Soulja Boy - Bitcoin.mp3,0
Usher Feat Ludacris - Yeah.mp3,1
stromae_alors_on_danse_remix-(3tarmusic.ir).mp3,6
Hey S..y Lady - SHAGGY ft BRIAN and TONY GOLD.mp3,6
Hiphopologist - Boz.mp3,2
fadaei_vs_ho3ein_-_bilit_69_fama_remix.mp3,2
_Mohsen Yeganeh - Vabastegi (128).mp3,2
Googoosh-Do-Panjereh-256.mp3,7
Mehrad Hidden - Dan-Dan.mp3,5
Sangin.mp3,2
Masti3(djsajjad & dream rap).mp3,1
Lantan music - Amir Khalvat - Tehran Male To Nist.mp3,2
Sadegh - Asemoone Abi (Ft Amir Khalvat) [www.AppAhang.com].mp3,2
@Nalepale - Amir Khalvat - Oscar.mp3,5
06. Shayea Ft Amir Khalvat - Kojaei Dada.mp3,1
Amir Khalvat - Shahre Moosh Ha.mp3,5
RapiWar - Pas Man Chi  - Amir Khalvat - Aria Raamne.mp3,1
"Putak, Dorcci - EYN.mp3",5
Tehran Bozorg - Dorcci.mp3,4
01 Sajadii.m4a,5
Hayedeh - Biya Bargardim Beham(Soheil Mehrzadegan).mp3,0
ahllam music - Sheytoon.mp3,1
RadioJavan - sahar Ey Vay.mp3,1
Amir Khalvat - Paranoia (FreeStyle).mp3,0
Sajadii - Dastaye To (Ft Amir Khalvat).mp3,5
"Lyra Entertainment - Amir Khalvat, Darab - Dige Chi Kame.mp3",0
Amir Khalvat - GHARIBE (Freestyle) [Official Video].mp3,0
Fereydoun Farokhzad - Sahel Gham.mp3,3
Amir Khalvat - Donyaye Man (1).mp3,5
Armin barmaye x Sorena x Shayea - Delam Gire 2 (Fama Remix).mp3,1
alirezadwd - 05. Sabr.mp3,0
par30rap_Sabr_2_Shayea_Ft_Justina_صبر۲_از_شایع_و_جاستینا.mp3,5
Chvrsi - Nabodi Baba.mp3,7
SoelChigini X Arsh - Qarargah (official Audio).mp3,0
mohsen-namjoo-az-houch-me-320.mp3,3
"Alireza_Ghorbani,_Arash_Gooran,_Tehran_Philharmonic_Orchestra_–.mp3",7
Leila Forouhar - Del Ey Del.mp3,2
"Death_Speaks_No_1,_You_Will_Return_Shara_Nova_Owen_Pallett.mp3",3
Reza Pishro & Ali Owj - Avatar 2 (320).mp3,5
@Hermanmood1 تلگرام - Eshgh Nist (1).mp3,6
Reza Pishro - Avatar.mp3,2
Kako Band - Fall.mp3,2
Kako Band - Invite (Hoco Hoco).mp3,1
Kako Band - Dance In Fire.mp3,1
Kaleo - Way Down We Go [pleer.com].mp3,5
Chavoshi & Hayedeh – To Dar Masafate Barani .mp3,7
Remix 2.mp3,1
Reza Pishro Ft  Deon - Ghoghnoos.mp3,1
fa_sh_d_adidas_Amir_Tataloo_Pishro_Tohi_Ho3ein_Hale_ت.mp3,0
RapiWar.mp3,2
03 - Raftam Too Delesh (feat. Shayea).mp3,2
Mehrad Hidden FT. Shayea – Romania.mp3,6
Reza Pishro - Dardesar (Ft Canis).mp3,1
Rapiran_i.mp3,2
Fmt.soleymni - Ye Moghehaei 2.mp3,2
- Alireza Kamali - Shayea - Ahle Naa Ahli.mp3,5
russell - In Manam.mp3,2
BLH Remix - Thugz (BLH Remix).mp3,2
Atlantic Records - Work Hard Play Hard.mp3,2
Doçend x Solegasimova - Hesret Negmesi _ Tiktok Mix.mp3,6
Armin Zarei - Begoo Kojaei.mp3,2
Armin Zarei - Hala Hey (320).mp3,1
YAS - YAS - Man Edameh Midam (Ill Continue).mp3,1
Ali Sorena - Akharin Vasvase.mp3,2
Jamin - 'Vali To' Song - RadioJavan.com.mp3,6
-ساقی-آرامم-کن_99933.mp3,1
Khodaverdi Brothers Maste Mastam Kon.mp3,2
5_1104292789664987996.mp3,2
Morteza Jafarzade - Dadashi 2 (320).mp3,2
30Bam_Remix_Beem_30Bam_Remix_Yas_x_Sorena_x_Bahram_x_Rez.mp3,2
TRFN - TRFN - U Do (feat. Siadou).mp3,6
KOJ. - Call Me.mp3,2
Demeter - Demeter   ISHNLV - Ad Kolima.mp3,2
Sina Saei - Pa Bar Ja (320).mp3,5
Mahdyar - Hichkas - Oon Mesle Dadasham Bood.mp3,5
Mehrad Hidden - Ghermez (Ft Tara).mp3,1
Hamid Sefat  Hayhat (320).mp3,1
Lil Nas X - INDUSTRY BABY (feat. Jack Harlow).mp3,2
Lil Nas X - Old Town Road (Remix) [feat. Billy Ray Cyrus].mp3,0
Mohammad Moharami - Soltan (320).mp3,2
RadioFaryad - Pishro Ft Ho3ein - Miri To Lak.mp3,2
Arman Garshasbi Bi Gharar.mp3,0
Arman Garshasbi - Shaghayegh.mp3,5
Tashiee_TrUas--80VM_140.mp3,7
Ey_Navaye_Man_DTea60taVvM_140.mp3,7
Begoo_Be_Baran_bid7qQ7sVUI_140.mp3,6
Zemestan_97Hu0LXoaZY_140.mp3,7
Mastam_Az_BsbwA_0s0Zg_140.mp3,7
Bi_Parva_loAlimRUQTU_140.mp3,7
Ghazal_Ghazal_z7m6QhRcbVo_140.mp3,6
Shab_eNMvMTYhQTE_140.mp3,2
Booseh_3nS8CgQr-wA_140.mp3,7
Arman Garshasbi - Benshin Tamashayat Konam.mp3,5
Chaartaar-Asemaan-Ham-Zamin-Mikhorad.mp3,0
Homayoun Shajarian Sohrab Pournazeri Be Jaane Jomleye Mastaa.mp3,0
5824_Kowli_The_Gypsy_Homayoun_Shajarian.mp3,3
Chaartaar Shabihe Yek Mordaab.mp3,0
Chaartaar Khosha Be Man.mp3,0
Chaartaar Harfi Bezan.mp3,5
Chaartaar Asheghaaneh Tanhaast.mp3,0
Chaartaar Kalaagh.mp3,0
Chaartaar Zane Divaaneh.mp3,0
Chaartaar Baaraan Toee.mp3,2
Chaartaar Hendeseh.mp3,0
Chaartaar Maraa Be Khaaterat Negah Daar.mp3,0
Chaartaar Ashoobam.mp3,2
Mohsen Lorestani_Rakab(musicsfarsi.com) [320].mp3,0
nima9720 - Khat Keshidam Doram (Ft Canis)- Ho3ein.mp3,5
nypye - bemola( ho3ein ft masin ft epicure.mp3,1
Daoud1_Hossein_Eblis_ft_Sadegh_Sangin_حسین_ابلیس_و_صادق_.mp3,4
Johar Records - Khafan.mp3,5
Saeid 021 - شبا-----حصین.mp3,5
Ashkan Khaleghi - حصین - دلخوشی.mp3,4
Mirror - Zebr - حسین ابلیس.mp3,6
Hossein_Tipsy_II_Reza_pishro_Ali_owj_ft_Ho3ein_Eblis_Sa.mp3,2
Johar Records - Didgah (Ft. Epicure).mp3,2
Daal Band-Last Days of Esfand.mp3,4
Hayedeh Saghi Remix (2).mp3,2
Defected Records - Endor - Pump It Up (Extended Mix).mp3,6
MELISA_feat_TOMMO_I'M_ALONE_by_TommoProduction_Lyrics_qTNY187LUmg.m4a,2
1675189410322126968Watch_The_World_Burn_140_audio_only_medium_m4.mp3,2
Night-Lovell-Live-Television-320.mp3,6
Developers (feat. Steve Ballmer).mp3,6
daaaaarkiii - LSPD(Ho3ein.ft Erfan) Mano Natrson.mp3,2
Elcid - To To (128).mp3,2
Armin-Barmaye-v-DaneshKaldior-Jadid-128.mp3,2
02_tasnife_gholab_128.mp3,6
"2Pac,_Pop_Smoke_-_Write_This_Down_ft.mp3",2
01 Pizza.mp3,2
02 Romania.mp3,6
03 Bala Dastim.mp3,5
04 Be Name Khoda.mp3,5
05 Bekhand.mp3,6
06 Seyl 2.mp3,5
Noyan_Bahadori_Hayedeh_Shabe_eshgh_Noyan_Remix_هایده_شب.mp3,2
Supra_2023_10_06_14_36_34_131.mp3,2
good morning(remix by djsajjad).mp3,6
Meydoone Min 2 (remix by djsajjad & 3Phr Beatz).mp3,2
Kalame obor(djsajjad1&sayaremix).mp3,6
Jangal (Remix by saya  djsajjad1).mp3,1
mm3.mp3,5
Erfan - Be Yade.mp3,2
Shahaab Va - Sob Zohr Shab صبح ظهر شب Ho3ein.mp3,6
Mohsen Lorestani - Bi Kas (UpMusic).mp3,0
Allah Akbar Sisa Irani (320).mp3,5
Siavash-Ghomayshi-Sarab-192.mp3,2
Alireza_Ghorbani_Roozegare_Gharib_Alireza_Ghorbani_روزگار_غ.mp3,0
Alireza Ghorbani - Mara Bebakhsh  مرا ببخش.mp3,0
